品目分類,品番,品名,価格１,単位,診療区分,診療区分名,外来　使用量,入院　使用量,合計　使用量,外来　使用高,入院　使用高,合計　使用高,整形外科,,,,,,,,,,a・b・c,規格単位,外来規格単位数量,入院規格単位数量,
1,20000,"アルツディスポ関節注２５ｍｇ　１％",663,"筒",34,他注,26,0,26,17238,0,17238,26,,,,,,,,,,b,1,26,0,
1,20000,"アルツディスポ関節注２５ｍｇ　１％",663,"筒",40,処置,252,0,252,167076,0,167076,252,,,,,,,,,,,1,252,0,
1,20001,"デキサート注射液１．６５ｍｇ　０．",108,"Ａ",34,他注,58,0,58,6264,0,6264,58,,,,,,,,,,a,1,58,0,
1,20001,"デキサート注射液１．６５ｍｇ　０．",108,"Ａ",50,手術,1,0,1,108,0,108,1,,,,,,,,,,,1,1,0,
1,20027,"生理食塩液　２０ｍＬ",100,"Ａ",40,処置,19,0,19,1900,0,1900,19,,,,,,,,,,,1,19,0,
1,20027,"生理食塩液　２０ｍＬ",100,"Ａ",50,手術,58,0,58,5800,0,5800,58,,,,,,,,,,,1,58,0,
1,20037,"アクテムラ皮下注１６２ｍｇオートイ",32608,"ｷｯﾄ",31,皮下,2,0,2,65216,0,65216,2,,,,,,,,,,,1,2,0,
1,20085,"生理食塩液　１００ｍＬ",144,"袋",50,手術,3,0,3,432,0,432,3,,,,,,,,,,,1,3,0,
1,20314,"沈降破傷風トキソイド　０．５ｍＬ",1173,"瓶",31,皮下,1,0,1,1173,0,1173,1,,,,,,,,,,,1,1,0,
1,20580,"リドカイン塩酸塩注１％「日新」　５",104,"Ａ",34,他注,43,0,43,4472,0,4472,43,,,,,,,,,,a,1,43,0,
1,20580,"リドカイン塩酸塩注１％「日新」　５",104,"Ａ",50,手術,32,0,32,3328,0,3328,32,,,,,,,,,,,1,32,0,
1,21037,"カロナール錠２００　２００ｍｇ",6.5,"錠",22,屯服,40,0,40,260,0,260,40,,,,,,,,,,a,1,40,0,
1,21076,"ロキソニン錠６０ｍｇ",10.8,"錠",21,内服,42,0,42,453.6,0,453.6,42,,,,,,,,,,b,1,42,0,
1,21076,"ロキソニン錠６０ｍｇ",10.8,"錠",22,屯服,840,0,840,9072,0,9072,840,,,,,,,,,,b,1,840,0,
1,21175,"ムコスタ錠１００ｍｇ",10.8,"錠",21,内服,42,0,42,453.6,0,453.6,42,,,,,,,,,,c,1,42,0,
1,21175,"ムコスタ錠１００ｍｇ",10.8,"錠",22,屯服,840,0,840,9072,0,9072,840,,,,,,,,,,c,1,840,0,
1,28002,"ゲンタシン軟膏０．１％　１ｍｇ",11,"ｇ",23,外用,10,0,10,110,0,110,10,,,,,,,,,,,1,10,0,
1,28002,"ゲンタシン軟膏０．１％　１ｍｇ",11,"ｇ",40,処置,28,0,28,308,0,308,28,,,,,,,,,,,1,28,0,
1,28032,"フェルビナクスチック軟膏３％「三笠",4.5,"ｇ",23,外用,1480,0,1480,6660,0,6660,1480,,,,,,,,,,c,1,1480,0,
1,28036,"ロキソニンテープ５０ｍｇ　７ｃｍ×",13.1,"枚",23,外用,273,0,273,3576.3,0,3576.3,273,,,,,,,,,,c,1,273,0,
1,28037,"ロキソニンテープ１００ｍｇ　１０ｃ",18.2,"枚",23,外用,1225,0,1225,22295,0,22295,1225,,,,,,,,,,c,1,1225,0,
1,30015,"ボンビバ静注１ｍｇシリンジ　１ｍＬ",3204,"筒",32,静脈,8,0,8,25632,0,25632,8,,,,,,,,,,b,1,8,0,
1,30019,"キシロカイン注ポリアンプ１％　５ｍ",63,"Ａ",34,他注,8,0,8,504,0,504,8,,,,,,,,,,,1,8,0,
1,30019,"キシロカイン注ポリアンプ１％　５ｍ",63,"Ａ",50,手術,29.6,0,29.6,1864.8,0,1864.8,29.6,,,,,,,,,,,1,29.6,0,
1,30025,"イベニティ皮下注１０５ｍｇシリンジ",25061,"筒",31,皮下,56,0,56,1403416,0,1403416,56,,,,,,,,,,,1,56,0,
1,30026,"プラリア皮下注６０ｍｇシリンジ　１",24466,"筒",31,皮下,2,0,2,48932,0,48932,2,,,,,,,,,,,1,2,0,
1,30036,"プラリアＨＩ皮下注６０ｍｇシリンジ",24466,"筒",31,皮下,10,0,10,244660,0,244660,10,,,,,,,,,,,0,0,0,
1,30045,"イソジン液１０％",2.4,"mL",40,処置,2666,0,2666,6398.4,0,6398.4,2666,,,,,,,,,,,10,266.6,0,
1,30046,"キシロカイン注ポリアンプ１％　１０",84,"Ａ",50,手術,1,0,1,84,0,84,1,,,,,,,,,,,1,1,0,
1,30047,"ケナコルト－Ａ筋注用関節腔内用水懸",769,"瓶",34,他注,0.5,0,0.5,384.5,0,384.5,0.5,,,,,,,,,,,1,0.5,0,
1,30051,"ネオビタカイン注シリンジ５ｍＬ",351,"筒",50,手術,9,0,9,3159,0,3159,9,,,,,,,,,,,1,9,0,
1,30057,"生理食塩液ＰＬ「フソー」　２０ｍＬ",104,"Ａ",50,手術,1,0,1,104,0,104,1,,,,,,,,,,,1,1,0,
2,7004,"電子媒体保存撮影",0,"回",70,画像,2035,0,2035,0,0,0,2035,,,,,,,,,,,0,0,0,
2,40003,"マイクロファイン３１Ｇ×5mm",17,"本",4,,924,0,924,15708,0,15708,924,,,,,,,,,,,0,0,0,
2,40004,"マイクロファインプラス３２Ｇ",17,"本",4,,28,0,28,476,0,476,28,,,,,,,,,,,0,0,0,
3,14,"電子的診療情報連携体制整備加算２（",9,,,,563,0,563,,,,563,,,,,,,,,,,0,0,0,
3,966,"特定機能病院等紹介患者受入加算（初",60,,,,13,0,13,,,,13,,,,,,,,,,,0,0,0,
3,1000,"初診料",291,,,,546,0,546,,,,546,,,,,,,,,,,0,0,0,
3,1004,"乳幼児加算（初診）",75,,,,11,0,11,,,,11,,,,,,,,,,,0,0,0,
3,1601,"労　初診料",3850,,,,21,0,21,,,,21,,,,,,,,,,,0,0,0,
3,1606,"労　救急管理加算外",1250,,,,12,0,12,,,,12,,,,,,,,,,,0,0,0,
3,8950,"夜間・早朝等加算（初診）",50,,,,36,0,36,,,,36,,,,,,,,,,,0,0,0,
3,20,"電子的診療情報連携体制整備加算（再",2,,,,1038,0,1038,,,,1038,,,,,,,,,,,0,0,0,
3,1251,"再診料",76,,,,2879,0,2879,,,,2879,,,,,,,,,,,0,0,0,
3,1254,"同日再診料",76,,,,3,0,3,,,,3,,,,,,,,,,,0,0,0,
3,1257,"電話等再診料",76,,,,1,0,1,,,,1,,,,,,,,,,,0,0,0,
3,1265,"外来管理加算",52,,,,563,0,563,,,,563,,,,,,,,,,,0,0,0,
3,1620,"労　再診料",1430,,,,243,0,243,,,,243,,,,,,,,,,,0,0,0,
3,1697,"乳幼児加算（再診）",38,,,,7,0,7,,,,7,,,,,,,,,,,0,0,0,
3,8953,"夜間・早朝等加算（再診）",50,,,,195,0,195,,,,195,,,,,,,,,,,0,0,0,
3,1030,"特定疾患療養指導料",225,,,,1,0,1,,,,1,,,,,,,,,,,0,0,0,
3,1059,"難病外来指導管理料１",270,,,,2,0,2,,,,2,,,,,,,,,,,0,0,0,
3,1310,"診療情報提供Ａ",250,,,,17,0,17,,,,17,,,,,,,,,,,0,0,0,
3,1314,"療養費同意書交付料",100,,,,5,0,5,,,,5,,,,,,,,,,,0,0,0,
3,1315,"傷病金意見書交付料",100,,,,2,0,2,,,,2,,,,,,,,,,,0,0,0,
3,1330,"在宅療養指導料（初回）（対面で行っ",170,,,,5,0,5,,,,5,,,,,,,,,,,0,0,0,
3,1331,"在宅療養指導料（２回目以降）（対面",170,,,,5,0,5,,,,5,,,,,,,,,,,0,0,0,
3,1616,"再診時療養指導管理料　生活",920,,,,243,0,243,,,,243,,,,,,,,,,,0,0,0,
3,20480,"特定機能病院等紹介患者受入加算（初",60,,,,3,0,3,,,,3,,,,,,,,,,,0,0,0,
3,1061,"在宅自己注射指導管理料（１以外）（",750,,,,27,0,27,,,,27,,,,,,,,,,,0,0,0,
3,1062,"在宅自己注射指導管理料（１以外）（",650,,,,7,0,7,,,,7,,,,,,,,,,,0,0,0,
3,1065,"注入器加算",300,,,,2,0,2,,,,2,,,,,,,,,,,0,0,0,
3,1400,"導入初期加算（在宅自己注射指導管理",580,,,,5,0,5,,,,5,,,,,,,,,,,0,0,0,
4,9952,"内服・屯服調剤料",11,,,,41,0,41,,,,41,,,,,,,,,,,0,0,0,
4,9956,"外用調剤料",8,,,,63,0,63,,,,63,,,,,,,,,,,0,0,0,
4,9950,"処方料",42,,,,68,0,68,,,,68,,,,,,,,,,,0,0,0,
5,3000,"皮下筋肉内注射",25,,,,43,0,43,,,,43,,,,,,,,,,,0,0,0,
5,3023,"生物学的製剤注射加",15,,,,1,0,1,,,,1,,,,,,,,,,,0,0,0,
5,3001,"静脈内注射",37,,,,8,0,8,,,,8,,,,,,,,,,,0,0,0,
5,3034,"関節腔内注射",80,,,,50,0,50,,,,50,,,,,,,,,,,0,0,0,
5,3035,"腱鞘内注射",42,,,,36,0,36,,,,36,,,,,,,,,,,0,0,0,
6,1667,"労　消炎鎮痛等１日",35,,,,212,0,212,,,,212,,,,,,,,,,,0,0,0,
6,4000,"労　処置１．５加算",1.5,,,,31,0,31,,,,31,,,,,,,,,,,0,0,0,
6,4050,"肋骨骨折固定術",500,,,,2,0,2,,,,2,,,,,,,,,,,0,0,0,
6,4059,"関節穿刺",144,,,,253,0,253,,,,253,,,,,,,,,,,0,0,0,
6,4060,"ガングリオン穿刺術",80,,,,6,0,6,,,,6,,,,,,,,,,,0,0,0,
6,4070,"鶏眼・胼胝処置",170,,,,4,0,4,,,,4,,,,,,,,,,,0,0,0,
6,4084,"四肢ギプスシーネ（半肢）（片）",780,,,,1,0,1,,,,1,,,,,,,,,,,0,0,0,
6,4085,"四肢ギプスシーネ（上肢、下肢）（片",1200,,,,1,0,1,,,,1,,,,,,,,,,,0,0,0,
6,4086,"四肢ギプスシーネ（手指及び手、足）",490,,,,21,0,21,,,,21,,,,,,,,,,,0,0,0,
6,4095,"消炎鎮痛等処置器具",35,,,,1038,0,1038,,,,1038,,,,,,,,,,,0,0,0,
6,4107,"粘（滑）液嚢穿刺注入（片）",100,,,,3,0,3,,,,3,,,,,,,,,,,0,0,0,
6,4113,"創傷処置１",52,,,,36,0,36,,,,36,,,,,,,,,,,0,0,0,
6,4146,"腰部固定帯固定",35,,,,11,0,11,,,,11,,,,,,,,,,,0,0,0,
6,4153,"腰部固定帯加算",170,,,,26,0,26,,,,26,,,,,,,,,,,0,0,0,
6,4182,"ギプス・半肢",780,,,,7,0,7,,,,7,,,,,,,,,,,0,0,0,
6,4184,"ギプス・上肢、下肢",1200,,,,2,0,2,,,,2,,,,,,,,,,,0,0,0,
6,4209,"ギプス除去・半肢",78,,,,1,0,1,,,,1,,,,,,,,,,,0,0,0,
6,4220,"ギプス３歳未満加算",1.55,,,,1,0,1,,,,1,,,,,,,,,,,0,0,0,
6,40008,"治療用装具採型法（体幹装具）",700,,,,3,0,3,,,,3,,,,,,,,,,,0,0,0,
6,40009,"治療用装具採型法（四肢装具）",700,,,,1,0,1,,,,1,,,,,,,,,,,0,0,0,
6,40010,"治療用装具採型法（その他）",200,,,,12,0,12,,,,12,,,,,,,,,,,0,0,0,
7,5010,"陥入爪手術　簡単",1400,"指",,,2,0,2,,,,2,,,,,,,,,,,0,0,0,
7,5022,"非観血的整復　手",1440,,,,3,0,3,,,,3,,,,,,,,,,,0,0,0,
7,5023,"非観血的整復　前腕",2040,,,,3,0,3,,,,3,,,,,,,,,,,0,0,0,
7,5024,"非観血的整復　下腿",2040,,,,1,0,1,,,,1,,,,,,,,,,,0,0,0,
7,5026,"非観血的整復　上腕",1840,,,,1,0,1,,,,1,,,,,,,,,,,0,0,0,
7,5043,"創傷処理達しない小",530,,,,3,0,3,,,,3,,,,,,,,,,,0,0,0,
7,5072,"トリガポイント注射",70,,,,59,0,59,,,,59,,,,,,,,,,,0,0,0,
7,5079,"仙骨部ブロック　１",340,,,,1,0,1,,,,1,,,,,,,,,,,0,0,0,
7,5130,"末梢神経ラジオ波焼灼療法（一連とし",15000,,,,3,0,3,,,,3,,,,,,,,,,,0,0,0,
7,5500,"労　手術１．５加算",1.5,,,,1,0,1,,,,1,,,,,,,,,,,0,0,0,
7,20425,"骨折非観血的整復術（足部骨折非観血",1440,,,,1,0,1,,,,1,,,,,,,,,,,0,0,0,
8,213,"末梢血液像（自動機械法）",15,,,,65,0,65,,,,65,,,,,,,,,,,0,0,0,
8,753,"Ｂ－結核菌特異的インターフェロン－",593,,,,2,0,2,,,,2,,,,,,,,,,,0,0,0,
8,818,"抗核抗体（蛍光抗体法）定性",99,,,,8,0,8,,,,8,,,,,,,,,,,0,0,0,
8,1297,"Ｂ－ＣＲＰ",16,,,,29,0,29,,,,29,,,,,,,,,,,0,0,0,
8,1340,"検査カウント",0,,,,65,0,65,,,,65,,,,,,,,,,,0,0,0,
8,6001,"Ｂ－Ｖ",40,,,,66,0,66,,,,66,,,,,,,,,,,0,0,0,
8,6020,"超音波検査（断層撮",350,,,,269,0,269,,,,269,,,,,,,,,,,0,0,0,
8,6105,"末梢血液一般検査",21,,,,65,0,65,,,,65,,,,,,,,,,,0,0,0,
8,6137,"ＴＰ",11,,,,65,0,65,,,,65,,,,,,,,,,,0,0,0,
8,6150,"アルブミン",11,,,,65,0,65,,,,65,,,,,,,,,,,0,0,0,
8,6152,"ＢＵＮ",11,,,,65,0,65,,,,65,,,,,,,,,,,0,0,0,
8,6154,"クレアチニン",11,,,,65,0,65,,,,65,,,,,,,,,,,0,0,0,
8,6155,"尿酸",11,,,,65,0,65,,,,65,,,,,,,,,,,0,0,0,
8,6156,"グルコース",11,,,,45,0,45,,,,45,,,,,,,,,,,0,0,0,
8,6159,"ＡＬＰ",11,,,,53,0,53,,,,53,,,,,,,,,,,0,0,0,
8,6160,"Ｎａ，Ｃ・",11,,,,65,0,65,,,,65,,,,,,,,,,,0,0,0,
8,6161,"Ｂ－カリウム",11,,,,65,0,65,,,,65,,,,,,,,,,,0,0,0,
8,6162,"Ｃａ",11,,,,53,0,53,,,,53,,,,,,,,,,,0,0,0,
8,6163,"Ｂ－Ｐ及びＨＰＯ４",17,,,,2,0,2,,,,2,,,,,,,,,,,0,0,0,
8,6168,"アミラーゼ",11,,,,51,0,51,,,,51,,,,,,,,,,,0,0,0,
8,6170,"γ－ＧＴＰ",11,,,,65,0,65,,,,65,,,,,,,,,,,0,0,0,
8,6172,"ＣＰＫ",11,,,,63,0,63,,,,63,,,,,,,,,,,0,0,0,
8,6174,"Ｂ－ＬＤＨ",11,,,,65,0,65,,,,65,,,,,,,,,,,0,0,0,
8,6176,"ＴＧ",11,,,,45,0,45,,,,45,,,,,,,,,,,0,0,0,
8,6181,"ＧＯＴ",17,,,,65,0,65,,,,65,,,,,,,,,,,0,0,0,
8,6182,"ＧＰＴ",17,,,,65,0,65,,,,65,,,,,,,,,,,0,0,0,
8,6183,"総コレステ",17,,,,65,0,65,,,,65,,,,,,,,,,,0,0,0,
8,6195,"Ｂ－ＫＬ－６",108,,,,2,0,2,,,,2,,,,,,,,,,,0,0,0,
8,6196,"ＨＤＬ－コレステ",17,,,,8,0,8,,,,8,,,,,,,,,,,0,0,0,
8,6251,"ＨＢｓ抗原精密測定",88,,,,5,0,5,,,,5,,,,,,,,,,,0,0,0,
8,6259,"ＨＣＶ抗体価精密測",102,,,,5,0,5,,,,5,,,,,,,,,,,0,0,0,
8,6265,"Ｂ－ＣＥＡ精密測定",99,,,,2,0,2,,,,2,,,,,,,,,,,0,0,0,
8,6270,"Ｂ－ＣＡ１９－９精",121,,,,2,0,2,,,,2,,,,,,,,,,,0,0,0,
8,6281,"Ｂ－ＴＲＡＣＰ－５ｂ",156,,,,2,0,2,,,,2,,,,,,,,,,,0,0,0,
8,6288,"梅毒脂質抗原使用検",15,,,,3,0,3,,,,3,,,,,,,,,,,0,0,0,
8,6294,"梅毒トレポネーマ抗体定性",32,,,,3,0,3,,,,3,,,,,,,,,,,0,0,0,
8,6296,"Ｂ－血清補体価ＣＨ",38,,,,8,0,8,,,,8,,,,,,,,,,,0,0,0,
8,6314,"（１→３）－β－Ｄ－グルカン",190,,,,2,0,2,,,,2,,,,,,,,,,,0,0,0,
8,6317,"ＲＦ定量",30,,,,20,0,20,,,,20,,,,,,,,,,,0,0,0,
8,6334,"抗シトルリン化ペプチド抗体定量",193,,,,8,0,8,,,,8,,,,,,,,,,,0,0,0,
8,6349,"ＭＭＰ－３",116,,,,12,0,12,,,,12,,,,,,,,,,,0,0,0,
8,6517,"Ｂ－Ｐ１ＮＰ",160,,,,5,0,5,,,,5,,,,,,,,,,,0,0,0,
8,6552,"細菌培養同定穿刺液",240,,,,1,0,1,,,,1,,,,,,,,,,,0,0,0,
8,6576,"細菌薬剤感受性検査",310,,,,1,0,1,,,,1,,,,,,,,,,,0,0,0,
8,6630,"骨塩定量検査（ＤＥＸＡ法による腰椎",360,,,,9,0,9,,,,9,,,,,,,,,,,0,0,0,
8,6631,"大腿骨同時撮影加算（ＤＥＸＡ法）",90,,,,30,0,30,,,,30,,,,,,,,,,,0,0,0,
8,6634,"骨塩定量検査（ＤＥＸＡ法による腰椎",360,,,,13,0,13,,,,13,,,,,,,,,,,0,0,0,
8,6635,"骨塩定量検査（ＤＥＸＡ法による腰椎",360,,,,9,0,9,,,,9,,,,,,,,,,,0,0,0,
8,6705,"幼児加算（生体検査）（３歳以上６歳",1.4,,,,1,0,1,,,,1,,,,,,,,,,,0,0,0,
8,6774,"Ｂ－ＣＡ１２５",136,,,,2,0,2,,,,2,,,,,,,,,,,0,0,0,
8,6904,"関節液一般",0,,,,1,0,1,,,,1,,,,,,,,,,,0,0,0,
8,9907,"（減）",0.9,,,,4,0,4,,,,4,,,,,,,,,,,0,0,0,
8,60004,"Ｃａ　アルブミン補正",0,,,,53,0,53,,,,53,,,,,,,,,,,0,0,0,
8,60005,"赤血球沈降速度(院外)",0,,,,20,0,20,,,,20,,,,,,,,,,,0,0,0,
8,0,"生化学Ⅰ　　　　　１０以上",103,,,,65,0,65,,,,65,,,,,,,,,,,0,0,0,
8,0,"腫瘍マーカーⅡ　　　３以上",290,,,,2,0,2,,,,2,,,,,,,,,,,0,0,0,
8,9911,"血液学的検査判断料",125,,,,65,0,65,,,,65,,,,,,,,,,,0,0,0,
8,9912,"生化学Ⅰ判断料",144,,,,65,0,65,,,,65,,,,,,,,,,,0,0,0,
8,9913,"生化学Ⅱ判断料",144,,,,5,0,5,,,,5,,,,,,,,,,,0,0,0,
8,9914,"免疫学的検査判断料",144,,,,29,0,29,,,,29,,,,,,,,,,,0,0,0,
8,9915,"微生物検査判断料",150,,,,1,0,1,,,,1,,,,,,,,,,,0,0,0,
9,4004,"幼児加算（画像）",1.3,,,,6,0,6,,,,6,,,,,,,,,,,0,0,0,
9,6632,"骨塩定量(オーダー用)",0,,,,32,0,32,,,,32,,,,,,,,,,,0,0,0,
9,6633,"エコー(オーダー用)",0,,,,304,0,304,,,,304,,,,,,,,,,,0,0,0,
9,7051,"Ｘ－Ｐ＜胸椎＞",85,,,,27,0,27,,,,27,,,,,,,,,,,0,0,0,
9,7052,"Ｘ－Ｐ＜胸部＞",85,,,,4,0,4,,,,4,,,,,,,,,,,0,0,0,
9,7055,"Ｘ－Ｐ＜肋骨＞",85,,,,36,0,36,,,,36,,,,,,,,,,,0,0,0,
9,7060,"Ｘ－Ｐ＜腰椎＞",85,,,,327,0,327,,,,327,,,,,,,,,,,0,0,0,
9,7062,"Ｘ－Ｐ＜頸椎＞",85,,,,300,0,300,,,,300,,,,,,,,,,,0,0,0,
9,7066,"Ｘ－Ｐ＜股関節部＞",85,,,,69,0,69,,,,69,,,,,,,,,,,0,0,0,
9,7068,"Ｘ－Ｐ＜肩関節部＞",85,,,,110,0,110,,,,110,,,,,,,,,,,0,0,0,
9,7069,"Ｘ－Ｐ＜鎖骨＞",85,,,,14,0,14,,,,14,,,,,,,,,,,0,0,0,
9,7072,"Ｘ－Ｐ＜肩鎖関節＞",85,,,,2,0,2,,,,2,,,,,,,,,,,0,0,0,
9,7079,"Ｘ－Ｐ＜踵骨＞",43,,,,8,0,8,,,,8,,,,,,,,,,,0,0,0,
9,7083,"Ｘ－Ｐ＜大腿＞",43,,,,12,0,12,,,,12,,,,,,,,,,,0,0,0,
9,7085,"Ｘ－Ｐ＜膝関節＞",43,,,,308,0,308,,,,308,,,,,,,,,,,0,0,0,
9,7087,"Ｘ－Ｐ＜下腿＞",43,,,,14,0,14,,,,14,,,,,,,,,,,0,0,0,
9,7088,"Ｘ－Ｐ＜足＞",43,,,,224,0,224,,,,224,,,,,,,,,,,0,0,0,
9,7089,"Ｘ－Ｐ＜足関節＞",43,,,,130,0,130,,,,130,,,,,,,,,,,0,0,0,
9,7091,"Ｘ－Ｐ＜足趾骨＞",43,,,,65,0,65,,,,65,,,,,,,,,,,0,0,0,
9,7093,"Ｘ－Ｐ＜上腕＞",43,,,,4,0,4,,,,4,,,,,,,,,,,0,0,0,
9,7094,"Ｘ－Ｐ＜前腕＞",43,,,,4,0,4,,,,4,,,,,,,,,,,0,0,0,
9,7096,"Ｘ－Ｐ＜肘関節＞",43,,,,96,0,96,,,,96,,,,,,,,,,,0,0,0,
9,7099,"Ｘ－Ｐ＜手＞",43,,,,55,0,55,,,,55,,,,,,,,,,,0,0,0,
9,7100,"Ｘ－Ｐ＜手関節＞",43,,,,86,0,86,,,,86,,,,,,,,,,,0,0,0,
9,7102,"Ｘ－Ｐ＜指＞",43,,,,130,0,130,,,,130,,,,,,,,,,,0,0,0,
9,7228,"デジタル映像　単純",57,,,,882,0,882,,,,882,,,,,,,,,,,0,0,0,
9,7301,"Ｘ－Ｐ＜仙椎＞",85,,,,10,0,10,,,,10,,,,,,,,,,,0,0,0,
9,7500,"他医撮影のコンピューター断層診断",450,,,,18,0,18,,,,18,,,,,,,,,,,0,0,0,
9,7501,"他医撮影の写真診断（単純撮影・イ）",85,,,,15,0,15,,,,15,,,,,,,,,,,0,0,0,
9,7502,"他医撮影の写真診断（単純撮影・ロ）",43,,,,13,0,13,,,,13,,,,,,,,,,,0,0,0,
9,7880,"Ｘ－Ｐ単純撮影（デジタル撮影）",68,,,,868,0,868,,,,868,,,,,,,,,,,0,0,0,
9,7881,"Ｘ－Ｐ単純撮影（デジタル撮影）（胸",68,,,,31,0,31,,,,31,,,,,,,,,,,1,31,0,
9,7882,"Ｘ－Ｐ単純撮影（デジタル撮影）（そ",68,,,,1136,0,1136,,,,1136,,,,,,,,,,,1,1136,0,
9,9998,"撮影料乳幼児加算",1.5,,,,4,0,4,,,,4,,,,,,,,,,,0,0,0,
10,34,"外来・在宅ベースアップ評価料（１）",23,,,,567,0,567,,,,567,,,,,,,,,,,0,0,0,
10,35,"外来・在宅ベースアップ評価料（１）",6,,,,3119,0,3119,,,,3119,,,,,,,,,,,0,0,0,
10,36,"物価対応料１（外来・在宅物価対応料",2,,,,567,0,567,,,,567,,,,,,,,,,,0,0,0,
10,37,"物価対応料１（外来・在宅物価対応料",2,,,,3119,0,3119,,,,3119,,,,,,,,,,,0,0,0,
10,1623,"療養の給付請求書取",2200,,,,2,0,2,,,,2,,,,,,,,,,,0,0,0,
10,1685,"労　休養保証証明書",2200,,,,4,0,4,,,,4,,,,,,,,,,,0,0,0,
10,8020,"特定疾患処方管理加算（処方箋料）",56,,,,4,0,4,,,,4,,,,,,,,,,,0,0,0,
10,8024,"処方箋料（リフィル以外・その他）",60,,,,1108,0,1108,,,,1108,,,,,,,,,,,0,0,0,
10,8025,"処方箋料（リフィル以外・７種類以上",32,,,,3,0,3,,,,3,,,,,,,,,,,0,0,0,
10,8026,"一般名処方加算２（処方箋料）",6,,,,545,0,545,,,,545,,,,,,,,,,,0,0,0,
10,8027,"一般名処方加算１（処方箋料）",8,,,,135,0,135,,,,135,,,,,,,,,,,0,0,0,
10,1653,"運動器リハビリテーション料（２）（",180,"単位",,,214,0,214,,,,214,,,,,,,,,,,0,0,0,
10,1654,"運動器リハビリテーション料（２）（",180,"単位",,,6,0,6,,,,6,,,,,,,,,,,0,0,0,
10,8000,"運動器リハビリテーション料（２）（",170,"単位",,,1231,0,1231,,,,1231,,,,,,,,,,,0,0,0,
10,8001,"運動器リハビリテーション料（２）（",170,"単位",,,20,0,20,,,,20,,,,,,,,,,,0,0,0,
10,8005,"運動器リハビリテーション料（３）（",85,"単位",,,386,0,386,,,,386,,,,,,,,,,,0,0,0,
10,8030,"労　リハ１．５加算",1.5,,,,38,0,38,,,,38,,,,,,,,,,,0,0,0,
10,8108,"リハビリテーション総合計画評価料１",300,,,,129,0,129,,,,129,,,,,,,,,,,0,0,0,
10,8109,"リハビリテーション総合計画評価料１",240,,,,313,0,313,,,,313,,,,,,,,,,,0,0,0,
11,9505,"面談料",11000,,,,1,0,1,,,,1,,,,,,,,,,,0,0,0,
11,9507,"つめ切り（￥2,500）",2500,,,,1,0,1,,,,1,,,,,,,,,,,0,0,0,
11,9508,"巻き爪",11000,,,,3,0,3,,,,3,,,,,,,,,,,0,0,0,
11,9509,"巻き爪　再",2000,,,,24,0,24,,,,24,,,,,,,,,,,0,0,0,
11,9510,"巻き爪　材料",4000,,,,1,0,1,,,,1,,,,,,,,,,,0,0,0,
11,9512,"警察提出用　診断書(￥5500)",5500,,,,5,0,5,,,,5,,,,,,,,,,,0,0,0,
11,9516,"衝撃波　3回コース（￥33,000）",33000,,,,4,0,4,,,,4,,,,,,,,,,,0,0,0,
11,9517,"衝撃波　5回コース（￥49,500）",49500,,,,1,0,1,,,,1,,,,,,,,,,,0,0,0,
11,9518,"衝撃波　初回限定　単回",6600,,,,3,0,3,,,,3,,,,,,,,,,,0,0,0,
11,9568,"三角巾",500,,,,3,0,3,,,,3,,,,,,,,,,,0,0,0,
11,9573,"足首ファシリエイド(\1300)",1300,"個",,,16,0,16,,,,16,,,,,,,,,,,0,0,0,
11,9582,"DEXA腰椎・大腿（自費￥5,000）",5000,,,,1,0,1,,,,1,,,,,,,,,,,0,0,0,
11,9600,"生命保険一般(\4400)",4400,,,,4,0,4,,,,4,,,,,,,,,,,0,0,0,
11,9603,"後遺症診断書(\5500)",5500,,,,1,0,1,,,,1,,,,,,,,,,,0,0,0,
11,9604,"一般診断書(\2200)",2200,,,,13,0,13,,,,13,,,,,,,,,,,0,0,0,
11,9607,"松葉杖貸出　",5000,,,,11,0,11,,,,11,,,,,,,,,,,0,0,0,
11,9608,"松葉杖返却",-5000,,,,16,0,16,,,,16,,,,,,,,,,,0,0,0,
11,9613,"松葉杖（1日￥50円最大￥1,000円）",50,,,,204,0,204,,,,204,,,,,,,,,,,0,0,0,
11,9620,"診察券再発行(\100）",100,,,,15,0,15,,,,15,,,,,,,,,,,0,0,0,
11,9624,"ストレッチバンド(\800)",800,"個",,,1,0,1,,,,1,,,,,,,,,,,0,0,0,
11,9645,"ファシリエイド　手首",2500,,,,3,0,3,,,,3,,,,,,,,,,,0,0,0,
11,9646,"ファシリエイド　膝",2000,,,,2,0,2,,,,2,,,,,,,,,,,0,0,0,
11,9697,"リストラップ･ＴＦＣＣ(\2,500)",2500,"個",,,5,0,5,,,,5,,,,,,,,,,,0,0,0,
13,6,"（レセ印字あり",0,,,,1113,0,1113,,,,1113,,,,,,,,,,,0,0,0,
13,7,"（レセ印字なし",0,,,,5,0,5,,,,5,,,,,,,,,,,0,0,0,
13,11,"（処方箋用コメント",0,,,,3853,0,3853,,,,3853,,,,,,,,,,,0,0,0,
13,25,"日分",0,,,,14,0,14,,,,14,,,,,,,,,,,0,0,0,
13,72,"副作用等や治療効果に差異があった",0,,,,63,0,63,,,,63,,,,,,,,,,,0,0,0,
13,73,"後発品へ切り替えないことが推奨",0,,,,28,0,28,,,,28,,,,,,,,,,,0,0,0,
13,92,"（",0,,,,377,0,377,,,,377,,,,,,,,,,,0,0,0,
13,93,"１日１回起床時",0,,,,58,0,58,,,,58,,,,,,,,,,,0,0,0,
13,96,"１日１回朝食後",0,,,,5782,0,5782,,,,5782,,,,,,,,,,,0,0,0,
13,98,"月１回起床時",0,,,,10,0,10,,,,10,,,,,,,,,,,0,0,0,
13,102,"１日１回昼食後",0,,,,28,0,28,,,,28,,,,,,,,,,,0,0,0,
13,105,"１日１回夕食後",0,,,,1168,0,1168,,,,1168,,,,,,,,,,,0,0,0,
13,111,"１日１回就寝前",0,,,,762,0,762,,,,762,,,,,,,,,,,0,0,0,
13,117,"１日２回朝夕食後",0,,,,4959,0,4959,,,,4959,,,,,,,,,,,0,0,0,
13,121,"１日２回朝食前・就寝前",0,,,,14,0,14,,,,14,,,,,,,,,,,0,0,0,
13,123,"１日２回昼食前・就寝前",0,,,,56,0,56,,,,56,,,,,,,,,,,0,0,0,
13,129,"１日３回毎食前",0,,,,200,0,200,,,,200,,,,,,,,,,,0,0,0,
13,130,"１日３回毎食後",0,,,,3362,0,3362,,,,3362,,,,,,,,,,,0,0,0,
13,140,"１日４回毎食後・就寝前",0,,,,42,0,42,,,,42,,,,,,,,,,,0,0,0,
13,145,"１日２回朝・夕食直前",0,,,,35,0,35,,,,35,,,,,,,,,,,0,0,0,
13,211,"週１回　朝食前",0,,,,5,0,5,,,,5,,,,,,,,,,,0,0,0,
13,1350,"一包化",0,,,,352,0,352,,,,352,,,,,,,,,,,0,0,0,
13,10008,"土曜日に服用",0,,,,8,0,8,,,,8,,,,,,,,,,,0,0,0,
13,10009,"日曜日に服用",0,,,,8,0,8,,,,8,,,,,,,,,,,0,0,0,
13,6,"（レセ印字あり",0,,,,9310,0,9310,,,,9310,,,,,,,,,,,0,0,0,
13,11,"（処方箋用コメント",0,,,,40,0,40,,,,40,,,,,,,,,,,0,0,0,
13,72,"副作用等や治療効果に差異があった",0,,,,60,0,60,,,,60,,,,,,,,,,,0,0,0,
13,92,"（",0,,,,20,0,20,,,,20,,,,,,,,,,,0,0,0,
13,300,"痛い時",0,,,,9478,0,9478,,,,9478,,,,,,,,,,,0,0,0,
13,306,"吐き気が強い時",0,,,,20,0,20,,,,20,,,,,,,,,,,0,0,0,
13,310,"不眠時",0,,,,10,0,10,,,,10,,,,,,,,,,,0,0,0,
13,6,"（レセ印字あり",0,,,,9,0,9,,,,9,,,,,,,,,,,0,0,0,
13,11,"（処方箋用コメント",0,,,,27,0,27,,,,27,,,,,,,,,,,0,0,0,
13,24,"（部位",0,,,,1002,0,1002,,,,1002,,,,,,,,,,,0,0,0,
13,25,"日分",0,,,,745,0,745,,,,745,,,,,,,,,,,0,0,0,
13,70,"［患者希望］",0,,,,2,0,2,,,,2,,,,,,,,,,,0,0,0,
13,72,"副作用等や治療効果に差異があった",0,,,,2,0,2,,,,2,,,,,,,,,,,0,0,0,
13,92,"（",0,,,,35,0,35,,,,35,,,,,,,,,,,0,0,0,
13,186,"１日１回塗布",0,,,,2,0,2,,,,2,,,,,,,,,,,0,0,0,
13,188,"１日数回塗布",0,,,,234,0,234,,,,234,,,,,,,,,,,0,0,0,
13,195,"１日１枚貼付",0,,,,554,0,554,,,,554,,,,,,,,,,,0,0,0,
13,196,"１日２枚貼付",0,,,,164,0,164,,,,164,,,,,,,,,,,0,0,0,
13,197,"１日３枚貼付",0,,,,40,0,40,,,,40,,,,,,,,,,,0,0,0,
13,279,"肛門内挿入",0,,,,1,0,1,,,,1,,,,,,,,,,,0,0,0,
13,889,"後発品へ変更不可",0,,,,3,0,3,,,,3,,,,,,,,,,,0,0,0,
13,10013,"貼付剤６３枚超の投与理由(F200等)；",0,,,,35,0,35,,,,35,,,,,,,,,,,0,0,0,
13,6,"（レセ印字あり",0,,,,11,0,11,,,,11,,,,,,,,,,,0,0,0,
13,11,"（処方箋用コメント",0,,,,4,0,4,,,,4,,,,,,,,,,,0,0,0,
13,92,"（",0,,,,35,0,35,,,,35,,,,,,,,,,,0,0,0,
13,346,"注射",0,,,,1,0,1,,,,1,,,,,,,,,,,0,0,0,
13,6,"（レセ印字あり",0,,,,12,0,12,,,,12,,,,,,,,,,,0,0,0,
13,3920,"情報提供先(B009)；",0,,,,21,0,21,,,,21,,,,,,,,,,,0,0,0,
13,9905,"交付　※※XX年XX月XX日(B012)",0,,,,10161639,0,10161639,,,,10161639,,,,,,,,,,,0,0,0,
13,9906,"交付　※※XX年XX月XX日(B013)",0,,,,25404109,0,25404109,,,,25404109,,,,,,,,,,,0,0,0,
13,9909,"同意書/診断書記載の病名(B013)；",0,,,,11,0,11,,,,11,,,,,,,,,,,0,0,0,
13,0,"初回算定日",0,,,,25403785,0,25403785,,,,25403785,,,,,,,,,,,0,0,0,
13,6,"（レセ印字あり",0,,,,14,0,14,,,,14,,,,,,,,,,,0,0,0,
13,130,"１日３回毎食後",0,,,,14,0,14,,,,14,,,,,,,,,,,0,0,0,
13,6,"（レセ印字あり",0,,,,860,0,860,,,,860,,,,,,,,,,,0,0,0,
13,75,"在庫状況等を踏まえ後発品提供困難",0,,,,110,0,110,,,,110,,,,,,,,,,,0,0,0,
13,300,"痛い時",0,,,,860,0,860,,,,860,,,,,,,,,,,0,0,0,
13,24,"（部位",0,,,,91,0,91,,,,91,,,,,,,,,,,0,0,0,
13,25,"日分",0,,,,61,0,61,,,,61,,,,,,,,,,,0,0,0,
13,92,"（",0,,,,3,0,3,,,,3,,,,,,,,,,,0,0,0,
13,188,"１日数回塗布",0,,,,30,0,30,,,,30,,,,,,,,,,,0,0,0,
13,195,"１日１枚貼付",0,,,,47,0,47,,,,47,,,,,,,,,,,0,0,0,
13,196,"１日２枚貼付",0,,,,10,0,10,,,,10,,,,,,,,,,,0,0,0,
13,197,"１日３枚貼付",0,,,,1,0,1,,,,1,,,,,,,,,,,0,0,0,
13,6,"（レセ印字あり",0,,,,86,0,86,,,,86,,,,,,,,,,,0,0,0,
13,6,"（レセ印字あり",0,,,,346,0,346,,,,346,,,,,,,,,,,0,0,0,
13,24,"（部位",0,,,,257,0,257,,,,257,,,,,,,,,,,0,0,0,
13,4010,"処置等の部位または局所；",0,,,,58,0,58,,,,58,,,,,,,,,,,0,0,0,
13,4015,"労災（１．５倍）（処置）：部位；右",0,,,,8,0,8,,,,8,,,,,,,,,,,0,0,0,
13,4016,"労災（１．５倍）（処置）：部位；左",0,,,,5,0,5,,,,5,,,,,,,,,,,0,0,0,
13,4017,"労災（１．５倍）（処置）：部位；右",0,,,,9,0,9,,,,9,,,,,,,,,,,0,0,0,
13,9999,"（",0,,,,1,0,1,,,,1,,,,,,,,,,,0,0,0,
13,6,"（レセ印字あり",0,,,,21,0,21,,,,21,,,,,,,,,,,0,0,0,
13,24,"（部位",0,,,,55,0,55,,,,55,,,,,,,,,,,0,0,0,
13,4022,"労災（１．５倍）（手術）：部位；左",0,,,,1,0,1,,,,1,,,,,,,,,,,0,0,0,
13,0,"算定　ＸＸ日",0,,,,41,0,41,,,,41,,,,,,,,,,,0,0,0,
13,6,"（レセ印字あり",0,,,,273,0,273,,,,273,,,,,,,,,,,0,0,0,
13,4631,"前回 ※※XX年XX月XX日(D217の1)",0,,,,50772996,0,50772996,,,,50772996,,,,,,,,,,,0,0,0,
13,6640,"ア 骨粗鬆症治療開始1年以内(D217)",0,,,,5,0,5,,,,5,,,,,,,,,,,0,0,0,
13,6641,"イ 新たに骨折(D217)",0,,,,1,0,1,,,,1,,,,,,,,,,,0,0,0,
13,6644,"オ 骨減少/増加をきたす薬剤を投与(D",0,,,,7,0,7,,,,7,,,,,,,,,,,0,0,0,
13,99992,"初回(D217の1)",0,,,,21,0,21,,,,21,,,,,,,,,,,0,0,0,
13,6,"（レセ印字あり",0,,,,215,0,215,,,,215,,,,,,,,,,,0,0,0,
13,7,"（レセ印字なし",0,,,,29,0,29,,,,29,,,,,,,,,,,0,0,0,
13,16,"右",0,,,,319,0,319,,,,319,,,,,,,,,,,0,0,0,
13,17,"左",0,,,,269,0,269,,,,269,,,,,,,,,,,0,0,0,
13,18,"両側",0,,,,26,0,26,,,,26,,,,,,,,,,,0,0,0,
13,24,"（部位",0,,,,33,0,33,,,,33,,,,,,,,,,,0,0,0,
13,7168,"正側",0,,,,693,0,693,,,,693,,,,,,,,,,,0,0,0,
13,7169,"両",0,,,,27,0,27,,,,27,,,,,,,,,,,0,0,0,
13,8100,"正斜",0,,,,105,0,105,,,,105,,,,,,,,,,,0,0,0,
13,6,"（レセ印字あり",0,,,,4,0,4,,,,4,,,,,,,,,,,0,0,0,
13,4026,"労災（１．５倍）（リハビリ）：部位",0,,,,4,0,4,,,,4,,,,,,,,,,,0,0,0,
13,4027,"労災（１．５倍）（リハビリ）：部位",0,,,,8,0,8,,,,8,,,,,,,,,,,0,0,0,
13,4028,"労災（１．５倍）（リハビリ）：部位",0,,,,1,0,1,,,,1,,,,,,,,,,,0,0,0,
13,4029,"労災（１．５倍）（リハビリ）：部位",0,,,,8,0,8,,,,8,,,,,,,,,,,0,0,0,
13,8009,"H002　発症日　※※XX年XX月XX日",0,,,,7748388923,0,7748388923,,,,7748388923,,,,,,,,,,,0,0,0,
13,8107,"疾患名（H002）；",0,,,,1727,0,1727,,,,1727,,,,,,,,,,,0,0,0,
13,6,"（レセ印字あり",0,,,,28,0,28,,,,28,,,,,,,,,,,0,0,0,
13,7,"（レセ印字なし",0,,,,2,0,2,,,,2,,,,,,,,,,,0,0,0,
13,24,"（部位",0,,,,27,0,27,,,,27,,,,,,,,,,,0,0,0,
13,10001,"末尾コメント",0,,,,2,0,2,,,,2,,,,,,,,,,,0,0,0,
14,20021,"アルファカルシドール０．５μｇカプ",6.3,"cap",1,,165,0,165,1039.5,0,1039.5,165,,,,,,,,,,,1,165,0,
14,20037,"アクテムラ皮下注１６２ｍｇオートイ",32608,"ｷｯﾄ",4,,3,0,3,97824,0,97824,3,,,,,,,,,,,1,3,0,
14,20047,"メトトレキサートカプセル２ｍｇ「サ",59.4,"cap",1,,291,0,291,17285.4,0,17285.4,291,,,,,,,,,,,1,291,0,
14,20050,"パンテチン散２０％「ＮＩＧ」",9.5,"ｇ",1,,63,0,63,598.5,0,598.5,63,,,,,,,,,,,1,63,0,
14,20054,"ボルタレンゲル１％",3.2,"ｇ",3,,800,0,800,2560,0,2560,800,,,,,,,,,,,1,800,0,
14,20057,"アジルバ錠２０ｍｇ",67.2,"錠",1,,42,0,42,2822.4,0,2822.4,42,,,,,,,,,,,1,42,0,
14,20063,"レバミピド錠１００ｍｇ「オーツカ」",10.8,"錠",1,,760,0,760,8208,0,8208,760,,,,,,,,,,,1,760,0,
14,20070,"ツムラ抑肝散エキス顆粒（医療用）",16.1,"ｇ",1,,175,0,175,2817.5,0,2817.5,175,,,,,,,,,,,1,175,0,
14,20071,"トリプタノール錠１０　１０ｍｇ",10.8,"錠",1,,28,0,28,302.4,0,302.4,28,,,,,,,,,,,1,28,0,
14,20074,"レボフロキサシン５００ｍｇ錠　（レ",36.7,"錠",1,,28,0,28,1027.6,0,1027.6,28,,,,,,,,,,,1,28,0,
14,20079,"ツムラ桂枝加朮附湯エキス顆粒（医療",14.9,"ｇ",1,,210,0,210,3129,0,3129,210,,,,,,,,,,,1,210,0,
14,20102,"ラベプラゾールＮａ塩錠１０ｍｇ「オ",21.3,"錠",1,,28,0,28,596.4,0,596.4,28,,,,,,,,,,,1,28,0,
14,20117,"ボノテオ錠５０ｍｇ",1046.9,"錠",1,,3,0,3,3140.7,0,3140.7,3,,,,,,,,,,,1,3,0,
14,20125,"エチゾラム錠０．５ｍｇ「トーワ」",10.8,"錠",2,,10,0,10,108,0,108,10,,,,,,,,,,,1,10,0,
14,20127,"アンテベート軟膏０．０５％",18.9,"ｇ",3,,10,0,10,189,0,189,10,,,,,,,,,,,1,10,0,
14,20129,"ファモチジンＤ錠２０ｍｇ「サワイ」",10.8,"錠",1,,60,0,60,648,0,648,60,,,,,,,,,,,1,60,0,
14,20131,"トビエース錠４ｍｇ",128.3,"錠",1,,42,0,42,5388.6,0,5388.6,42,,,,,,,,,,,1,42,0,
14,20152,"テプレノンカプセル５０ｍｇ「サワイ",10.8,"cap",1,,91,0,91,982.8,0,982.8,91,,,,,,,,,,,1,91,0,
14,20160,"エペリゾン塩酸塩５０ｍｇ錠",6.3,"錠",1,,238,0,238,1499.4,0,1499.4,238,,,,,,,,,,,1,238,0,
14,20160,"エペリゾン塩酸塩５０ｍｇ錠",6.3,"錠",2,,20,0,20,126,0,126,20,,,,,,,,,,,1,20,0,
14,20167,"アリセプトＤ錠５ｍｇ",53.1,"錠",1,,35,0,35,1858.5,0,1858.5,35,,,,,,,,,,,1,35,0,
14,20175,"アムバロ配合錠「サンド」",14,"錠",1,,60,0,60,840,0,840,60,,,,,,,,,,,1,60,0,
14,20189,"フェルビナクテープ７０ｍｇ「久光」",18.2,"枚",3,,56,0,56,1019.2,0,1019.2,56,,,,,,,,,,,1,56,0,
14,20196,"リカルボン錠５０ｍｇ",1114.3,"錠",1,,10,0,10,11143,0,11143,10,,,,,,,,,,,1,10,0,
14,20197,"バゼドキシフェン錠２０ｍｇ「サワイ",25.7,"錠",1,,105,0,105,2698.5,0,2698.5,105,,,,,,,,,,,1,105,0,
14,20199,"エルデカルシトールカプセル０．７５",15.4,"cap",1,,35,0,35,539,0,539,35,,,,,,,,,,,1,35,0,
14,20213,"ロキソプロフェンナトリウム６０ｍｇ",10.5,"錠",1,,56,0,56,588,0,588,56,,,,,,,,,,,1,56,0,
14,20228,"エピナスチン塩酸塩２０ｍｇ錠",12.6,"錠",1,,91,0,91,1146.6,0,1146.6,91,,,,,,,,,,,1,91,0,
14,20233,"リマチル錠１００ｍｇ",24.7,"錠",1,,84,0,84,2074.8,0,2074.8,84,,,,,,,,,,,1,84,0,
14,20244,"リセドロン酸Ｎａ錠７５ｍｇ「トーワ",292.4,"錠",1,,1,0,1,292.4,0,292.4,1,,,,,,,,,,,1,1,0,
14,20246,"アルファカルシドール錠１．０μｇ「",6.3,"錠",1,,35,0,35,220.5,0,220.5,35,,,,,,,,,,,1,35,0,
14,20250,"ロキソプロフェンＮａテープ１００ｍ",18.2,"枚",3,,119,0,119,2165.8,0,2165.8,119,,,,,,,,,,,1,119,0,
14,20256,"アスパラ－ＣＡ錠２００　２００ｍｇ",6.3,"錠",1,,63,0,63,396.9,0,396.9,63,,,,,,,,,,,1,63,0,
14,20261,"アルファロールカプセル０．５μｇ",6.3,"cap",1,,450,0,450,2835,0,2835,450,,,,,,,,,,,1,450,0,
14,20263,"インテバンクリーム１％",3.3,"ｇ",3,,75,0,75,247.5,0,247.5,75,,,,,,,,,,,1,75,0,
14,20264,"カロナール細粒５０％",13.6,"ｇ",1,,7.98,0,7.98,108.52,0,108.52,7.98,,,,,,,,,,,1,7.98,0,
14,20269,"サラゾスルファピリジン腸溶錠５００",13,"錠",1,,60,0,60,780,0,780,60,,,,,,,,,,,1,60,0,
14,20274,"プレドニゾロン錠　１ｍｇ",8.9,"錠",1,,56,0,56,498.4,0,498.4,56,,,,,,,,,,,1,56,0,
14,20275,"プレドニゾロン錠　５ｍｇ",10.5,"錠",1,,35,0,35,367.5,0,367.5,35,,,,,,,,,,,1,35,0,
14,20285,"リンデロン－Ｖクリーム０．１２％",14.3,"ｇ",3,,75,0,75,1072.5,0,1072.5,75,,,,,,,,,,,1,75,0,
14,20290,"テリパラチドＢＳ皮下注キット６００",14924,"ｷｯﾄ",4,,11,0,11,164164,0,164164,11,,,,,,,,,,,1,11,0,
14,20292,"エルデカルシトールカプセル０．５μ",10.6,"cap",1,,118,0,118,1250.8,0,1250.8,118,,,,,,,,,,,1,118,0,
14,20293,"ミノドロン酸錠５０ｍｇ「トーワ」",472.8,"錠",1,,3,0,3,1418.4,0,1418.4,3,,,,,,,,,,,1,3,0,
14,20295,"ミノドロン酸錠５０ｍｇ「ニプロ」",472.8,"錠",1,,1,0,1,472.8,0,472.8,1,,,,,,,,,,,1,1,0,
14,20296,"ケトプロフェンテープ４０ｍｇ「テイ",18.2,"枚",3,,126,0,126,2293.2,0,2293.2,126,,,,,,,,,,,1,126,0,
14,20315,"白色ワセリン",2.09,"ｇ",3,,100,0,100,209,0,209,100,,,,,,,,,,,10,10,0,
14,20323,"フルスルチアミン錠２５ｍｇ「トーワ",6.3,"錠",1,,56,0,56,352.8,0,352.8,56,,,,,,,,,,,1,56,0,
14,20324,"イグラチモド錠２５ｍｇ「サワイ」",32.2,"錠",1,,35,0,35,1127,0,1127,35,,,,,,,,,,,1,35,0,
14,20325,"メトトレキサート錠２ｍｇ「あゆみ」",59.4,"錠",1,,155,0,155,9207,0,9207,155,,,,,,,,,,,1,155,0,
14,20327,"ロフラゼプ酸エチル２ｍｇ錠",10.8,"錠",1,,30,0,30,324,0,324,30,,,,,,,,,,,1,30,0,
14,20332,"ベネット錠７５ｍｇ",731,"錠",1,,2,0,2,1462,0,1462,2,,,,,,,,,,,1,2,0,
14,20336,"Ｌ－アスパラギン酸Ｃａ錠２００ｍｇ",6.3,"錠",1,,35,0,35,220.5,0,220.5,35,,,,,,,,,,,1,35,0,
14,20341,"ユリノーム錠５０ｍｇ",9.5,"錠",1,,35,0,35,332.5,0,332.5,35,,,,,,,,,,,1,35,0,
14,20345,"ジクトルテープ７５ｍｇ",153.1,"枚",3,,826,0,826,126460.6,0,126460.6,826,,,,,,,,,,,1,826,0,
14,20347,"ユリス錠０．５ｍｇ",22.9,"錠",1,,42,0,42,961.8,0,961.8,42,,,,,,,,,,,1,42,0,
14,20348,"ユリス錠１ｍｇ",41.7,"錠",1,,301,0,301,12551.7,0,12551.7,301,,,,,,,,,,,1,301,0,
14,20371,"デエビゴ錠５ｍｇ",69.5,"錠",1,,28,0,28,1946,0,1946,28,,,,,,,,,,,1,28,0,
14,20385,"ツートラム錠５０ｍｇ",42.3,"錠",1,,784,0,784,33163.2,0,33163.2,784,,,,,,,,,,,1,784,0,
14,20388,"ツムラ五苓散エキス顆粒（医療用）",13.5,"ｇ",1,,210,0,210,2835,0,2835,210,,,,,,,,,,,1,210,0,
14,20393,"アトルバスタチンカルシウム１０ｍｇ",10.8,"錠",1,,30,0,30,324,0,324,30,,,,,,,,,,,1,30,0,
14,20406,"フェブキソスタット錠１０ｍｇ「サワ",6.3,"錠",1,,35,0,35,220.5,0,220.5,35,,,,,,,,,,,1,35,0,
14,20410,"ケトプロフェンパップＸＲ１２０ｍｇ",18.2,"枚",3,,140,0,140,2548,0,2548,140,,,,,,,,,,,1,140,0,
14,20413,"アモキシシリンカプセル２５０ｍｇ「",11.2,"cap",1,,15,0,15,168,0,168,15,,,,,,,,,,,1,15,0,
14,20434,"モンテルカスト錠１０ｍｇ「ＫＭ」",31.5,"錠",1,,180,0,180,5670,0,5670,180,,,,,,,,,,,1,180,0,
14,20454,"レバミピド１００ｍｇ錠",10.8,"錠",1,,518,0,518,5594.4,0,5594.4,518,,,,,,,,,,,1,518,0,
14,20461,"クロルフェネシンカルバミン酸エステ",10.8,"錠",1,,90,0,90,972,0,972,90,,,,,,,,,,,1,90,0,
14,20473,"アロチノロール塩酸塩１０ｍｇ錠",7,"錠",1,,56,0,56,392,0,392,56,,,,,,,,,,,1,56,0,
14,20493,"Ｌ－アスパラギン酸Ｃａ錠２００ｍｇ",6.3,"錠",1,,168,0,168,1058.4,0,1058.4,168,,,,,,,,,,,1,168,0,
14,20494,"ビタメジン配合カプセルＢ５０",6.3,"cap",1,,84,0,84,529.2,0,529.2,84,,,,,,,,,,,1,84,0,
14,20506,"リンラキサー錠２５０ｍｇ",10.8,"錠",1,,84,0,84,907.2,0,907.2,84,,,,,,,,,,,1,84,0,
14,20511,"アレンドロン酸錠３５ｍｇ「日医工」",194.6,"錠",1,,8,0,8,1556.8,0,1556.8,8,,,,,,,,,,,1,8,0,
14,20512,"デキサメタゾンメタスルホ安息香酸エ",19.1,"mL",3,,10,0,10,191,0,191,10,,,,,,,,,,,1,10,0,
14,20522,"ゾルピデム酒石酸塩５ｍｇ口腔内崩壊",10.8,"錠",1,,30,0,30,324,0,324,30,,,,,,,,,,,1,30,0,
14,20529,"酸化マグネシウム２５０ｍｇ錠",6.1,"錠",1,,126,0,126,768.6,0,768.6,126,,,,,,,,,,,1,126,0,
14,20532,"タクロリムス錠１ｍｇ「あゆみ」",153.5,"錠",1,,238,0,238,36533,0,36533,238,,,,,,,,,,,1,238,0,
14,20533,"トコフェロールニコチン酸エステルカ",7.5,"cap",1,,56,0,56,420,0,420,56,,,,,,,,,,,1,56,0,
14,20542,"トアラセット配合錠「ＪＧ」",9.9,"錠",1,,56,0,56,554.4,0,554.4,56,,,,,,,,,,,1,56,0,
14,20550,"ゾルピデム酒石酸塩１０ｍｇ錠",10.8,"錠",1,,14,0,14,151.2,0,151.2,14,,,,,,,,,,,1,14,0,
14,20565,"ビムパット錠５０ｍｇ",186,"錠",1,,56,0,56,10416,0,10416,56,,,,,,,,,,,1,56,0,
14,20574,"アレンドロン酸ナトリウム３５ｍｇ錠",87.4,"錠",1,,27,0,27,2359.8,0,2359.8,27,,,,,,,,,,,1,27,0,
14,20581,"リセドロン酸Ｎａ錠１７．５ｍｇ「サ",81.2,"錠",1,,17,0,17,1380.4,0,1380.4,17,,,,,,,,,,,1,17,0,
14,20603,"アルファカルシドール１μｇカプセル",6.3,"cap",1,,28,0,28,176.4,0,176.4,28,,,,,,,,,,,1,28,0,
14,20604,"ロキソプロフェンＮａテープ１００ｍ",18.2,"枚",3,,91,0,91,1656.2,0,1656.2,91,,,,,,,,,,,1,91,0,
14,20629,"ファモチジン１０ｍｇ錠",10.8,"錠",1,,42,0,42,453.6,0,453.6,42,,,,,,,,,,,1,42,0,
14,20629,"ファモチジン１０ｍｇ錠",10.8,"錠",2,,30,0,30,324,0,324,30,,,,,,,,,,,1,30,0,
14,20632,"アモキシシリンカプセル２５０ｍｇ「",11.2,"cap",1,,190,0,190,2128,0,2128,190,,,,,,,,,,,1,190,0,
14,20633,"エンペラシン配合錠",6.3,"錠",1,,28,0,28,176.4,0,176.4,28,,,,,,,,,,,1,28,0,
14,20634,"フルメタクリーム　０．１％",15.1,"ｇ",3,,20,0,20,302,0,302,20,,,,,,,,,,,1,20,0,
14,20635,"ルリコン軟膏１％",28.2,"ｇ",3,,20,0,20,564,0,564,20,,,,,,,,,,,1,20,0,
14,20636,"ツムラ治打撲一方エキス顆粒（医療用",8.3,"ｇ",1,,105,0,105,871.5,0,871.5,105,,,,,,,,,,,1,105,0,
14,21006,"アレジオン錠２０　２０ｍｇ",15.9,"錠",1,,90,0,90,1431,0,1431,90,,,,,,,,,,,1,90,0,
14,21023,"フォリアミン錠　５ｍｇ",10.8,"錠",1,,217,0,217,2343.6,0,2343.6,217,,,,,,,,,,,1,217,0,
14,21024,"パントシン錠１００　１００ｍｇ",6.3,"錠",1,,180,0,180,1134,0,1134,180,,,,,,,,,,,1,180,0,
14,21025,"メチコバール錠５００μｇ　０．５ｍ",10.8,"錠",1,,1029,0,1029,11113.2,0,11113.2,1029,,,,,,,,,,,1,1029,0,
14,21032,"プレドニン錠５ｍｇ",10.5,"錠",1,,154,0,154,1617,0,1617,154,,,,,,,,,,,1,154,0,
14,21033,"ノイロトロピン錠４単位",28.1,"錠",1,,1048,0,1048,29448.8,0,29448.8,1048,,,,,,,,,,,1,1048,0,
14,21034,"ＳＧ配合顆粒",7.3,"ｇ",2,,58,0,58,423.4,0,423.4,58,,,,,,,,,,,1,58,0,
14,21037,"カロナール錠２００　２００ｍｇ",6.5,"錠",1,,525,0,525,3412.5,0,3412.5,525,,,,,,,,,,,1,525,0,
14,21037,"カロナール錠２００　２００ｍｇ",6.5,"錠",2,,1920,0,1920,12480,0,12480,1920,,,,,,,,,,,1,1920,0,
14,21038,"カロナール錠３００　３００ｍｇ",6.9,"錠",1,,70,0,70,483,0,483,70,,,,,,,,,,,1,70,0,
14,21038,"カロナール錠３００　３００ｍｇ",6.9,"錠",2,,90,0,90,621,0,621,90,,,,,,,,,,,1,90,0,
14,21040,"カロナール錠５００　５００ｍｇ",11.2,"錠",1,,151,0,151,1691.2,0,1691.2,151,,,,,,,,,,,1,151,0,
14,21042,"アザルフィジンＥＮ錠５００ｍｇ",21,"錠",1,,525,0,525,11025,0,11025,525,,,,,,,,,,,1,525,0,
14,21043,"ケアラム錠２５ｍｇ",73.7,"錠",1,,196,0,196,14445.2,0,14445.2,196,,,,,,,,,,,1,196,0,
14,21044,"リウマトレックスカプセル２ｍｇ",77.9,"cap",1,,139,0,139,10828.1,0,10828.1,139,,,,,,,,,,,1,139,0,
14,21053,"リリカＯＤ錠２５ｍｇ",23.7,"錠",1,,498,0,498,11802.6,0,11802.6,498,,,,,,,,,,,1,498,0,
14,21057,"リリカＯＤ錠７５ｍｇ",38.4,"錠",1,,1063,0,1063,40819.2,0,40819.2,1063,,,,,,,,,,,1,1063,0,
14,21059,"タリージェ錠２．５ｍｇ",67.2,"錠",1,,643,0,643,43209.6,0,43209.6,643,,,,,,,,,,,1,643,0,
14,21060,"タリージェ錠５ｍｇ",92.5,"錠",1,,6841,0,6841,632792.5,0,632792.5,6841,,,,,,,,,,,1,6841,0,
14,21069,"ボルタレンＳＲカプセル３７．５ｍｇ",6.3,"cap",1,,262,0,262,1650.6,0,1650.6,262,,,,,,,,,,,1,262,0,
14,21072,"セレコックス錠１００ｍｇ",15.7,"錠",1,,889,0,889,13957.3,0,13957.3,889,,,,,,,,,,,1,889,0,
14,21076,"ロキソニン錠６０ｍｇ",10.8,"錠",1,,2531,0,2531,27334.8,0,27334.8,2531,,,,,,,,,,,1,2531,0,
14,21076,"ロキソニン錠６０ｍｇ",10.8,"錠",2,,8260,0,8260,89208,0,89208,8260,,,,,,,,,,,1,8260,0,
14,21077,"トラムセット配合錠",21.4,"錠",1,,504,0,504,10785.6,0,10785.6,504,,,,,,,,,,,1,504,0,
14,21077,"トラムセット配合錠",21.4,"錠",2,,110,0,110,2354,0,2354,110,,,,,,,,,,,1,110,0,
14,21082,"ツムラ牛車腎気丸エキス顆粒（医療用",17.7,"ｇ",1,,105,0,105,1858.5,0,1858.5,105,,,,,,,,,,,1,105,0,
14,21084,"ツムラ大建中湯エキス顆粒（医療用）",13.7,"ｇ",1,,450,0,450,6165,0,6165,450,,,,,,,,,,,1,450,0,
14,21085,"ツムラ八味地黄丸エキス顆粒（医療用",9.8,"ｇ",1,,420,0,420,4116,0,4116,420,,,,,,,,,,,1,420,0,
14,21087,"ツムラ芍薬甘草湯エキス顆粒（医療用",10.4,"ｇ",1,,1112.5,0,1112.5,11570,0,11570,1112.5,,,,,,,,,,,1,1112.5,0,
14,21088,"ミオナール錠５０ｍｇ",7.7,"錠",1,,28,0,28,215.6,0,215.6,28,,,,,,,,,,,1,28,0,
14,21097,"ケフラールカプセル２５０ｍｇ",54.7,"cap",1,,54,0,54,2953.8,0,2953.8,54,,,,,,,,,,,1,54,0,
14,21115,"ビビアント錠２０ｍｇ",42.3,"錠",1,,126,0,126,5329.8,0,5329.8,126,,,,,,,,,,,1,126,0,
14,21118,"ボンビバ錠１００ｍｇ",1360.9,"錠",1,,1,0,1,1360.9,0,1360.9,1,,,,,,,,,,,1,1,0,
14,21123,"グラケーカプセル１５ｍｇ",11.9,"cap",1,,120,0,120,1428,0,1428,120,,,,,,,,,,,1,120,0,
14,21127,"エディロールカプセル０．５μｇ",23.9,"cap",1,,443,0,443,10587.7,0,10587.7,443,,,,,,,,,,,1,443,0,
14,21128,"エディロールカプセル０．７５μｇ",34.9,"cap",1,,2037,0,2037,71091.3,0,71091.3,2037,,,,,,,,,,,1,2037,0,
14,21130,"バイアスピリン錠１００ｍｇ",6.3,"錠",1,,28,0,28,176.4,0,176.4,28,,,,,,,,,,,1,28,0,
14,21133,"オパルモン錠５μｇ",18,"錠",1,,6674,0,6674,120132,0,120132,6674,,,,,,,,,,,1,6674,0,
14,21135,"エパデールＳ９００　９００ｍｇ",42.5,"包",1,,84,0,84,3570,0,3570,84,,,,,,,,,,,1,84,0,
14,21141,"リピトール錠１０ｍｇ",16.9,"錠",1,,28,0,28,473.2,0,473.2,28,,,,,,,,,,,1,28,0,
14,21145,"ゼチーア錠１０ｍｇ",49.5,"錠",1,,28,0,28,1386,0,1386,28,,,,,,,,,,,1,28,0,
14,21147,"ユベラＮソフトカプセル２００ｍｇ",6.3,"cap",1,,42,0,42,264.6,0,264.6,42,,,,,,,,,,,1,42,0,
14,21156,"ビオスリー配合錠",6.6,"錠",1,,84,0,84,554.4,0,554.4,84,,,,,,,,,,,1,84,0,
14,21160,"ノバミン錠５ｍｇ",10.8,"錠",2,,20,0,20,216,0,216,20,,,,,,,,,,,1,20,0,
14,21163,"ネキシウムカプセル１０ｍｇ",27.2,"cap",1,,63,0,63,1713.6,0,1713.6,63,,,,,,,,,,,1,63,0,
14,21164,"ネキシウムカプセル２０ｍｇ",48.2,"cap",1,,28,0,28,1349.6,0,1349.6,28,,,,,,,,,,,1,28,0,
14,21168,"タケプロンＯＤ錠１５　１５ｍｇ",17.9,"錠",1,,42,0,42,751.8,0,751.8,42,,,,,,,,,,,1,42,0,
14,21170,"マグミット錠３３０ｍｇ",6.3,"錠",1,,236,0,236,1486.8,0,1486.8,236,,,,,,,,,,,1,236,0,
14,21175,"ムコスタ錠１００ｍｇ",10.8,"錠",1,,2582,0,2582,27885.6,0,27885.6,2582,,,,,,,,,,,1,2582,0,
14,21175,"ムコスタ錠１００ｍｇ",10.8,"錠",2,,8140,0,8140,87912,0,87912,8140,,,,,,,,,,,1,8140,0,
14,21178,"サインバルタカプセル２０ｍｇ",62.3,"cap",1,,263,0,263,16384.9,0,16384.9,263,,,,,,,,,,,1,263,0,
14,21179,"サインバルタカプセル３０ｍｇ",77.1,"cap",1,,1176,0,1176,90669.6,0,90669.6,1176,,,,,,,,,,,1,1176,0,
14,21186,"ベルソムラ錠１５ｍｇ",90.8,"錠",1,,28,0,28,2542.4,0,2542.4,28,,,,,,,,,,,1,28,0,
14,21206,"フェブリク錠１０ｍｇ",12.4,"錠",1,,28,0,28,347.2,0,347.2,28,,,,,,,,,,,1,28,0,
14,21207,"フェブリク錠２０ｍｇ",24.9,"錠",1,,133,0,133,3311.7,0,3311.7,133,,,,,,,,,,,1,133,0,
14,21213,"タリージェＯＤ錠５ｍｇ",92.5,"錠",1,,504,0,504,46620,0,46620,504,,,,,,,,,,,0,0,0,
14,21214,"タリージェＯＤ錠１０ｍｇ",127.9,"錠",1,,70,0,70,8953,0,8953,70,,,,,,,,,,,0,0,0,
14,28002,"ゲンタシン軟膏０．１％　１ｍｇ",11,"ｇ",3,,10,0,10,110,0,110,10,,,,,,,,,,,1,10,0,
14,28006,"ヒルドイドローション０．３％",17.7,"ｇ",3,,200,0,200,3540,0,3540,200,,,,,,,,,,,1,200,0,
14,28012,"ロキソニンゲル１％",2.6,"ｇ",3,,200,0,200,520,0,520,200,,,,,,,,,,,1,200,0,
14,28017,"イドメシンコーワクリーム１％",3.5,"ｇ",3,,350,0,350,1225,0,1225,350,,,,,,,,,,,1,350,0,
14,28019,"ロコアテープ　１０ｃｍ×１４ｃｍ",30.1,"枚",3,,112,0,112,3371.2,0,3371.2,112,,,,,,,,,,,1,112,0,
14,28021,"モーラステープ２０ｍｇ　７ｃｍ×１",18.1,"枚",3,,434,0,434,7855.4,0,7855.4,434,,,,,,,,,,,1,434,0,
14,28022,"モーラステープＬ４０ｍｇ　１０ｃｍ",26.6,"枚",3,,1008,0,1008,26812.8,0,26812.8,1008,,,,,,,,,,,1,1008,0,
14,28023,"モーラスパップ３０ｍｇ　１０ｃｍ×",18.2,"枚",3,,63,0,63,1146.6,0,1146.6,63,,,,,,,,,,,1,63,0,
14,28025,"モーラスパップＸＲ１２０ｍｇ　１０",27.3,"枚",3,,154,0,154,4204.2,0,4204.2,154,,,,,,,,,,,1,154,0,
14,28029,"ナパゲルンローション３％",4.4,"mL",3,,1550,0,1550,6820,0,6820,1550,,,,,,,,,,,1,1550,0,
14,28032,"フェルビナクスチック軟膏３％「三笠",4.5,"ｇ",3,,9320,0,9320,41940,0,41940,9320,,,,,,,,,,,1,9320,0,
14,28033,"アドフィードパップ４０ｍｇ　１０ｃ",18.2,"枚",3,,371,0,371,6752.2,0,6752.2,371,,,,,,,,,,,1,371,0,
14,28036,"ロキソニンテープ５０ｍｇ　７ｃｍ×",13.1,"枚",3,,3353,0,3353,43924.3,0,43924.3,3353,,,,,,,,,,,1,3353,0,
14,28037,"ロキソニンテープ１００ｍｇ　１０ｃ",18.2,"枚",3,,15288,0,15288,278241.6,0,278241.6,15288,,,,,,,,,,,1,15288,0,
14,28038,"ロキソニンパップ１００ｍｇ　１０ｃ",18.2,"枚",3,,126,0,126,2293.2,0,2293.2,126,,,,,,,,,,,1,126,0,
14,28040,"ボルタレンサポ２５ｍｇ",21.6,"個",3,,20,0,20,432,0,432,20,,,,,,,,,,,1,20,0,
14,28050,"リンデロン－ＶＧクリーム０．１２％",27.7,"ｇ",3,,5,0,5,138.5,0,138.5,5,,,,,,,,,,,1,5,0,
14,28073,"アポハイドローション２０％",539.9,"ｇ",3,,17.28,0,17.28,9329.47,0,9329.47,17.28,,,,,,,,,,,0,0,0,
14,30006,"ヒュミラ皮下注４０ｍｇペン０．４ｍ",40275,"ｷｯﾄ",4,,2,0,2,80550,0,80550,2,,,,,,,,,,,1,2,0,
14,30009,"オレンシア皮下注１２５ｍｇオートイ",19068,"ｷｯﾄ",4,,4,0,4,76272,0,76272,4,,,,,,,,,,,1,4,0,
14,30010,"フォルテオ皮下注キット６００μｇ",20071,"ｷｯﾄ",4,,12,0,12,240852,0,240852,12,,,,,,,,,,,1,12,0,
14,30034,"オスタバロ皮下注カートリッジ１．５",16005,"筒",4,,22,0,22,352110,0,352110,22,,,,,,,,,,,1,22,0,
